controller,avg_total_queue,p95_total_queue,max_total_queue,avg_vip_queue,switches_last,switches_mean,duration_s
Fuzzy,1.2663189059636262,4.0,5,0.0,,,120.697
Actuated,1.452043707001214,4.0,4,0.017401861594496155,,,126.114
Q Learning,1.6359569411435761,4.0,5,0.018034391164546346,,,122.589
Max Pressure,2.9041621029572835,7.0,10,0.017661555312157722,,,124.277
Fixed Time,2.904255319148936,7.0,8,0.0,,,24.223
