{
  "(0, 0, 0, 0, 1, 0, 0)": [
    -47.10587897849611,
    -48.80852271825234
  ],
  "(0, 0, 0, 0, 0, 0, 0)": [
    -46.91509559630999,
    -48.69121876503358
  ],
  "(0, 0, 0, 0, 0, 1, 1)": [
    -48.41601832407726,
    -47.81736126800906
  ],
  "(0, 0, 0, 0, 0, 0, 1)": [
    -48.57548093372258,
    -47.792607786028505
  ],
  "(0, 0, 0, 0, 1, 1, 0)": [
    -47.8714595707295,
    -48.2197396830582
  ],
  "(1, 0, 0, 0, 1, 0, -1)": [
    -48.97071541969988,
    -48.71159175009794
  ],
  "(0, 0, 0, 0, 0, 1, 0)": [
    -48.584820890301266,
    -48.44611109909775
  ],
  "(0, 0, 0, 0, 1, 0, -1)": [
    -48.111917615350734,
    -47.93891235522565
  ],
  "(0, 0, 0, 0, 0, 2, 0)": [
    -47.679877815073404,
    -48.212399649215016
  ],
  "(0, 1, 0, 0, 1, 0, -1)": [
    -48.766760078470284,
    -48.2401414326221
  ],
  "(1, 1, 0, 0, 1, 1, -1)": [
    -44.8036427821179,
    -44.91806918836043
  ],
  "(0, 0, 0, 0, 1, 1, -1)": [
    -48.584512009477116,
    -47.736727733002965
  ],
  "(0, 1, 0, 0, 1, 1, -1)": [
    -49.10782708224534,
    -48.40063250430127
  ],
  "(0, 0, 0, 1, 0, 0, 1)": [
    -49.18063969067814,
    -48.56698953822214
  ],
  "(0, 0, 1, 0, 0, 0, 1)": [
    -48.97442005376712,
    -48.299031237028764
  ],
  "(0, 0, 1, 1, 0, 1, 1)": [
    -46.52684648539016,
    -46.333206078283105
  ],
  "(0, 0, 1, 0, 0, 1, 1)": [
    -49.06111194379096,
    -48.29171933705905
  ],
  "(1, 0, 0, 0, 1, 1, -1)": [
    -48.885220524388046,
    -48.54735233667604
  ],
  "(1, 0, 0, 0, 0, 0, 0)": [
    -42.78040032312574,
    -43.31222599157079
  ],
  "(0, 0, 0, 1, 0, 1, 1)": [
    -49.176296000043735,
    -48.41043911327111
  ],
  "(0, 1, 0, 0, 1, 2, -1)": [
    -48.50591135921703,
    -48.29301344752809
  ],
  "(1, 1, 0, 0, 1, 2, -1)": [
    -41.46474367934763,
    -41.40387404935268
  ],
  "(0, 1, 0, 0, 0, 0, -1)": [
    -43.85410712174299,
    -44.59141862891259
  ],
  "(0, 0, 0, 0, 0, 2, 1)": [
    -48.0463421311579,
    -47.81429361105864
  ],
  "(0, 0, 0, 0, 0, 0, -1)": [
    -43.1139451992871,
    -43.6852039728768
  ],
  "(0, 0, 0, 1, 0, 2, 1)": [
    -49.109493706936306,
    -47.716672857450014
  ],
  "(0, 0, 1, 0, 0, 2, 1)": [
    -48.66270225882236,
    -48.06782336183927
  ],
  "(0, 0, 1, 1, 0, 2, 1)": [
    -43.953722949306695,
    -44.403702055689365
  ],
  "(0, 0, 1, 0, 1, 0, 1)": [
    -44.399196584879036,
    -44.49617588074243
  ],
  "(1, 1, 0, 0, 1, 0, -1)": [
    -41.679523582009935,
    -41.52170245083977
  ],
  "(1, 2, 0, 0, 1, 0, -1)": [
    -5.08657289145932,
    -6.6845614561405595
  ],
  "(0, 1, 0, 0, 0, 0, 0)": [
    -42.60309599493734,
    -42.75392743267283
  ],
  "(1, 0, 0, 0, 1, 2, -1)": [
    -49.22343661415354,
    -47.88471407111275
  ],
  "(0, 0, 0, 0, 1, 0, 1)": [
    -44.36660859255923,
    -44.70897078220696
  ],
  "(0, 0, 1, 1, 0, 0, 1)": [
    -38.56216749380733,
    -38.79942716675848
  ],
  "(0, 0, 0, 0, 1, 2, 0)": [
    -47.87879819919735,
    -48.27372592299251
  ],
  "(2, 0, 0, 0, 1, 2, -1)": [
    -26.606381565787004,
    -27.892239086119332
  ],
  "(1, 0, 0, 0, 0, 0, -1)": [
    -44.547601778173025,
    -45.35685618597358
  ],
  "(0, 0, 0, 0, 1, 2, -1)": [
    -48.53977095558492,
    -47.45496522097027
  ],
  "(0, 0, 0, 1, 1, 0, 0)": [
    -44.575135172957644,
    -44.812832659238595
  ],
  "(0, 0, 0, 1, 1, 0, 1)": [
    -44.570394530346995,
    -45.15960019823139
  ],
  "(0, 0, 0, 2, 0, 1, 1)": [
    -29.408022688653176,
    -30.466109118754186
  ],
  "(0, 0, 1, 1, 1, 0, 1)": [
    -35.67168517588353,
    -35.103276240981785
  ],
  "(0, 0, 1, 2, 0, 0, 1)": [
    -20.290979386993673,
    -23.36000796978929
  ],
  "(0, 0, 1, 2, 0, 1, 1)": [
    -22.456544023966423,
    -29.274798079829118
  ],
  "(0, 0, 1, 0, 1, 0, 0)": [
    -43.72451162660971,
    -43.585129970384614
  ],
  "(0, 0, 2, 0, 0, 0, 1)": [
    -13.87437571522447,
    -16.163948075188827
  ],
  "(1, 1, 0, 0, 0, 0, -1)": [
    -30.515611515086533,
    -31.606213757000287
  ],
  "(0, 0, 0, 2, 0, 0, 1)": [
    -28.20799757853421,
    -29.651887162882822
  ],
  "(0, 0, 2, 1, 0, 1, 1)": [
    -12.213712390803376,
    -17.4246670104284
  ],
  "(0, 0, 0, 2, 0, 2, 1)": [
    -38.36675358666097,
    -36.62763100624113
  ],
  "(0, 0, 1, 2, 0, 2, 1)": [
    -36.068127752368795,
    -36.89819948934883
  ],
  "(0, 0, 1, 2, 1, 0, 1)": [
    -15.957782967035774,
    -12.935062028172574
  ],
  "(0, 0, 0, 2, 1, 0, 1)": [
    -26.72304907644592,
    -24.9464144508069
  ],
  "(0, 0, 2, 1, 0, 2, 1)": [
    -21.014345354925723,
    -27.908183484842517
  ],
  "(0, 2, 0, 0, 1, 2, -1)": [
    -9.549632975443284,
    -8.307804208407397
  ],
  "(0, 2, 0, 0, 1, 1, -1)": [
    -6.042506135671729,
    -6.279782443312902
  ],
  "(0, 0, 2, 0, 0, 1, 1)": [
    -12.215543815274222,
    -13.985589994877898
  ],
  "(2, 0, 0, 0, 1, 0, -1)": [
    -26.987501083117934,
    -27.56847353757789
  ],
  "(2, 0, 0, 0, 1, 1, -1)": [
    -23.83344267248811,
    -25.504517323283828
  ],
  "(2, 1, 0, 0, 1, 2, -1)": [
    -26.809051657198495,
    -25.60428672577528
  ],
  "(2, 1, 0, 0, 1, 0, -1)": [
    -19.561686085597703,
    -19.99216706502541
  ],
  "(0, 2, 0, 0, 1, 0, -1)": [
    -4.328738740907284,
    -6.720245153076053
  ],
  "(1, 2, 0, 0, 1, 2, -1)": [
    -21.482159933406514,
    -22.22017429354012
  ],
  "(0, 0, 2, 2, 0, 2, 1)": [
    -8.709943247913467,
    -9.320988561745606
  ],
  "(0, 0, 1, 0, 0, 0, 0)": [
    -1.8946561005785771,
    0.0
  ],
  "(0, 0, 2, 0, 1, 0, 1)": [
    -11.50604459526577,
    -10.74658125482294
  ],
  "(0, 0, 2, 0, 0, 2, 1)": [
    -14.644998048126379,
    -14.740359468142048
  ],
  "(2, 0, 0, 0, 0, 0, -1)": [
    -22.797897684064502,
    -21.190229230922903
  ],
  "(1, 2, 0, 0, 1, 1, -1)": [
    -9.856658153776777,
    -9.428595967742474
  ],
  "(1, 0, 0, 0, 1, 0, 0)": [
    -2.5516363286349293,
    -3.458459401434716
  ],
  "(0, 0, 0, 1, 0, 0, 0)": [
    -2.261427695100168,
    -4.331058820827898
  ],
  "(2, 1, 0, 0, 1, 1, -1)": [
    -18.605179663563153,
    -17.63547728706199
  ],
  "(2, 2, 0, 0, 1, 2, -1)": [
    -8.314967863945716,
    -8.628848014698182
  ],
  "(2, 1, 0, 0, 0, 0, -1)": [
    -13.974985871657692,
    -15.087076564794234
  ],
  "(2, 2, 0, 0, 1, 0, -1)": [
    -3.862993991082767,
    -4.694624054889019
  ],
  "(1, 2, 0, 0, 0, 0, -1)": [
    -2.555937377843419,
    -2.4717434220769885
  ],
  "(0, 2, 0, 0, 0, 0, -1)": [
    -6.476397741800713,
    -3.3010547644773185
  ],
  "(0, 0, 0, 2, 1, 0, 0)": [
    -0.5,
    0.0
  ],
  "(1, 1, 0, 1, 1, 0, 0)": [
    -2.6917103750166635,
    0.0
  ],
  "(0, 0, 2, 1, 0, 0, 1)": [
    -8.004520022014704,
    -11.60902265599112
  ],
  "(0, 0, 2, 1, 1, 0, 1)": [
    -5.938737771294485,
    -2.9468558008355856
  ],
  "(0, 0, 2, 2, 0, 0, 1)": [
    -7.473388048405489,
    -8.67381954448728
  ],
  "(0, 0, 2, 2, 0, 1, 1)": [
    -8.96346296748722,
    -12.60154498738613
  ],
  "(2, 2, 0, 0, 1, 1, -1)": [
    -7.0777351839171585,
    -6.36982602132019
  ],
  "(2, 2, 0, 0, 0, 0, -1)": [
    -0.647866680250727,
    0.0
  ],
  "(0, 1, 0, 0, 1, 0, 0)": [
    -4.034838950876896,
    0.0
  ],
  "(0, 0, 2, 2, 1, 0, 1)": [
    -3.080803398789571,
    -4.103351188556062
  ],
  "(1, 0, 0, 1, 1, 1, 0)": [
    -0.4,
    -4.737177469565708
  ]
}