{
  "(0, 0, 0, 0, 0)": [
    -56.432686792679505,
    -55.29127181835838
  ],
  "(0, 0, 0, 0, 1)": [
    -56.06745689155788,
    -55.48884414638241
  ],
  "(0, 1, 0, 0, 1)": [
    -60.87469467342532,
    -59.128065304413965
  ],
  "(1, 1, 0, 0, 1)": [
    -63.47863292993272,
    -60.33110289214433
  ],
  "(1, 0, 0, 0, 1)": [
    -60.98342092977079,
    -59.31229034273793
  ],
  "(0, 1, 0, 0, 0)": [
    -55.19844045896624,
    -55.368557318994114
  ],
  "(0, 0, 0, 1, 0)": [
    -61.48426920656731,
    -59.41525448893586
  ],
  "(1, 0, 0, 0, 0)": [
    -54.37655367875634,
    -54.625764212782876
  ],
  "(0, 2, 0, 0, 1)": [
    -0.8,
    -0.8
  ],
  "(2, 1, 0, 0, 1)": [
    -0.9,
    -0.7769014553796594
  ],
  "(0, 0, 1, 0, 0)": [
    -60.838776393135646,
    -59.328034663992995
  ],
  "(0, 0, 0, 1, 1)": [
    -54.53445774205885,
    -54.69167275675204
  ],
  "(0, 0, 1, 1, 0)": [
    -63.41748482190819,
    -60.115771894221574
  ],
  "(0, 0, 1, 0, 1)": [
    -56.156225413321565,
    -56.37247160800017
  ],
  "(0, 0, 2, 1, 0)": [
    -1.1,
    -5.242164965224004
  ],
  "(0, 0, 1, 1, 1)": [
    -19.344529679434494,
    -18.444195279546143
  ],
  "(1, 2, 0, 0, 1)": [
    -0.9,
    -1.167345739133522
  ],
  "(1, 1, 0, 0, 0)": [
    -11.55529121164933,
    -9.808323624416031
  ],
  "(0, 0, 2, 0, 0)": [
    -0.9,
    -1.3525754830858525
  ]
}