{
  "(0, 0, 0, 0, 0, 0, 0)": [
    -92.52098313827027,
    -93.42258669110785
  ],
  "(0, 0, 0, 0, 1, 0, 0)": [
    -91.75729699168089,
    -93.8704072774395
  ],
  "(0, 0, 0, 0, 0, 0, 1)": [
    -93.20854159905574,
    -91.43099552353559
  ],
  "(0, 0, 0, 1, 0, 0, 1)": [
    -93.9361749539474,
    -92.61730557202883
  ],
  "(0, 0, 0, 1, 0, 1, 1)": [
    -93.88693913922121,
    -92.63872847031168
  ],
  "(0, 0, 1, 1, 0, 1, 1)": [
    -90.3872929472924,
    -90.7730533104225
  ],
  "(0, 0, 0, 0, 1, 0, 1)": [
    -88.59325926488769,
    -89.17906277107647
  ],
  "(0, 0, 0, 0, 1, 1, 0)": [
    -91.59719573269213,
    -93.14149205388495
  ],
  "(0, 0, 1, 0, 0, 0, 1)": [
    -93.56250606853233,
    -92.221020932939
  ],
  "(1, 0, 0, 0, 1, 0, -1)": [
    -94.11770173854269,
    -93.05807888546997
  ],
  "(1, 0, 0, 0, 1, 1, -1)": [
    -93.86375499477927,
    -92.69321315936148
  ],
  "(0, 0, 0, 0, 0, 1, 0)": [
    -93.88351526388065,
    -91.6957641336254
  ],
  "(0, 0, 0, 0, 1, 1, -1)": [
    -93.2576992946523,
    -90.9549723736595
  ],
  "(0, 1, 0, 0, 1, 0, -1)": [
    -94.32152212987063,
    -92.47107865591288
  ],
  "(0, 1, 0, 0, 1, 1, -1)": [
    -93.96444120551496,
    -92.57053113693024
  ],
  "(0, 0, 0, 0, 1, 0, -1)": [
    -93.25781028359152,
    -90.61287856347593
  ],
  "(1, 1, 0, 0, 1, 1, -1)": [
    -89.08269286725238,
    -89.85048262051805
  ],
  "(0, 0, 0, 0, 0, 1, 1)": [
    -92.74884574742384,
    -91.6923962079396
  ],
  "(0, 1, 0, 0, 0, 0, -1)": [
    -90.11176672746244,
    -90.506637390361
  ],
  "(0, 0, 1, 0, 0, 1, 1)": [
    -94.14126307165873,
    -92.95513144324575
  ],
  "(0, 0, 0, 1, 0, 2, 1)": [
    -93.650873349275,
    -92.16978396890256
  ],
  "(1, 0, 0, 0, 1, 2, -1)": [
    -94.0414201181046,
    -91.97304572164911
  ],
  "(0, 0, 1, 1, 0, 0, 1)": [
    -85.2550384499234,
    -84.36590780402928
  ],
  "(0, 0, 0, 1, 1, 0, 1)": [
    -90.63310509511611,
    -90.73342967282646
  ],
  "(0, 0, 1, 0, 1, 0, 1)": [
    -90.71493958431905,
    -91.08030685907009
  ],
  "(0, 2, 0, 0, 1, 1, -1)": [
    -61.96333097563412,
    -65.00856136461886
  ],
  "(0, 2, 0, 0, 0, 0, -1)": [
    -68.28984411547377,
    -66.66204166135306
  ],
  "(0, 0, 1, 0, 0, 2, 1)": [
    -93.75703773636492,
    -92.54444339535887
  ],
  "(0, 0, 0, 0, 0, 2, 1)": [
    -92.85141069061675,
    -91.49313786900319
  ],
  "(1, 0, 0, 0, 0, 0, -1)": [
    -90.0970352880025,
    -90.47959087011944
  ],
  "(1, 0, 0, 0, 0, 0, 0)": [
    -90.30954576617567,
    -91.8722391359065
  ],
  "(0, 0, 2, 0, 0, 1, 1)": [
    -42.85108489597519,
    -46.85530150437123
  ],
  "(1, 1, 0, 0, 1, 0, -1)": [
    -83.40763537691777,
    -83.19531325941834
  ],
  "(0, 0, 0, 0, 0, 0, -1)": [
    -89.44987615309205,
    -89.7192154801385
  ],
  "(2, 0, 0, 0, 1, 2, -1)": [
    -51.555863940214685,
    -50.87282368642612
  ],
  "(1, 1, 0, 0, 0, 0, -1)": [
    -74.99006165475619,
    -76.85893651430528
  ],
  "(0, 1, 0, 0, 1, 2, -1)": [
    -93.59326385197765,
    -93.11375036353506
  ],
  "(0, 0, 1, 0, 1, 0, 0)": [
    -89.88337193840692,
    -89.7417274567789
  ],
  "(0, 0, 0, 2, 0, 2, 1)": [
    -80.73616461768482,
    -80.85219440702429
  ],
  "(2, 1, 0, 0, 1, 2, -1)": [
    -61.80738817261373,
    -64.67254061820832
  ],
  "(0, 0, 1, 1, 0, 2, 1)": [
    -86.59717284737842,
    -87.03900862283172
  ],
  "(0, 0, 0, 2, 0, 1, 1)": [
    -74.7537441945539,
    -73.56325728095526
  ],
  "(0, 0, 0, 1, 1, 0, 0)": [
    -91.58840235240521,
    -91.22803609033382
  ],
  "(0, 0, 0, 0, 1, 2, -1)": [
    -92.92960643204408,
    -91.60312770834769
  ],
  "(2, 1, 0, 0, 1, 0, -1)": [
    -42.76686580446999,
    -49.35519449593783
  ],
  "(1, 1, 0, 0, 1, 2, -1)": [
    -79.48398173314078,
    -85.7374480544796
  ],
  "(0, 1, 0, 0, 0, 0, 0)": [
    -90.28684736730555,
    -90.0083994148339
  ],
  "(2, 1, 0, 0, 1, 1, -1)": [
    -45.93521411717037,
    -49.40308341381821
  ],
  "(0, 0, 2, 1, 0, 2, 1)": [
    -55.31583502317653,
    -54.69329593775808
  ],
  "(0, 0, 1, 1, 1, 0, 1)": [
    -75.92432560609082,
    -73.81792292737832
  ],
  "(0, 0, 2, 0, 0, 2, 1)": [
    -56.698925663272554,
    -58.821095562786766
  ],
  "(0, 0, 2, 0, 0, 0, 1)": [
    -45.918537918395465,
    -47.69377359201416
  ],
  "(0, 0, 1, 2, 0, 2, 1)": [
    -80.15144698662404,
    -77.91308235038281
  ],
  "(0, 0, 0, 0, 1, 2, 0)": [
    -93.08893912662644,
    -92.52528974857258
  ],
  "(1, 2, 0, 0, 1, 2, -1)": [
    -72.61259046294666,
    -70.88595449290746
  ],
  "(0, 0, 1, 2, 0, 1, 1)": [
    -62.953421993992926,
    -63.270678409661734
  ],
  "(0, 0, 0, 2, 0, 0, 1)": [
    -70.0544484227282,
    -74.42889826734391
  ],
  "(0, 0, 2, 2, 0, 2, 1)": [
    -32.61480889955008,
    -27.269928926236265
  ],
  "(0, 0, 1, 2, 1, 0, 1)": [
    -42.00443564094262,
    -39.01939668867188
  ],
  "(1, 2, 0, 0, 1, 0, -1)": [
    -63.377065627251575,
    -65.83579976940996
  ],
  "(1, 2, 0, 0, 1, 1, -1)": [
    -60.15906958092262,
    -57.12290068944308
  ],
  "(2, 0, 0, 0, 1, 1, -1)": [
    -51.04971355062852,
    -51.93075191956686
  ],
  "(2, 2, 0, 0, 1, 2, -1)": [
    -53.64686761878431,
    -57.54413742542736
  ],
  "(2, 0, 0, 0, 0, 0, -1)": [
    -57.86342895587806,
    -54.163480242280016
  ],
  "(0, 0, 0, 2, 1, 0, 1)": [
    -74.41173815695622,
    -72.47081952909407
  ],
  "(0, 0, 2, 1, 1, 0, 1)": [
    -30.508092826713803,
    -30.657524250627155
  ],
  "(0, 0, 2, 0, 1, 0, 1)": [
    -47.67568937230837,
    -43.39970818984751
  ],
  "(2, 0, 0, 0, 1, 0, -1)": [
    -53.356004775959946,
    -57.80905552189432
  ],
  "(0, 2, 0, 0, 1, 2, -1)": [
    -71.86792470960928,
    -73.77606724310634
  ],
  "(0, 0, 0, 0, 0, 2, 0)": [
    -93.36586945117276,
    -92.68142925690685
  ],
  "(0, 0, 1, 2, 0, 0, 1)": [
    -58.41406866227332,
    -63.3593748348555
  ],
  "(0, 0, 2, 1, 0, 1, 1)": [
    -43.319717835401605,
    -45.583172102311984
  ],
  "(0, 0, 2, 1, 0, 0, 1)": [
    -41.099733394571125,
    -49.8081106986287
  ],
  "(0, 2, 0, 0, 1, 0, -1)": [
    -66.61496796629538,
    -68.65852185218235
  ],
  "(1, 0, 0, 0, 1, 0, 0)": [
    -13.010392307869584,
    -22.497149426835986
  ],
  "(1, 2, 0, 0, 0, 0, -1)": [
    -56.72723127460333,
    -53.865472122620496
  ],
  "(2, 2, 0, 0, 1, 1, -1)": [
    -30.922523563467422,
    -30.50363057687492
  ],
  "(2, 1, 0, 0, 0, 0, -1)": [
    -23.665051097229604,
    -32.159035174638355
  ],
  "(0, 0, 0, 1, 0, 0, 0)": [
    -29.11231318393144,
    -22.612776226181296
  ],
  "(0, 0, 2, 2, 1, 0, 1)": [
    -0.014176742341979964,
    -3.6787336705812934
  ],
  "(0, 0, 2, 2, 0, 1, 1)": [
    -16.800794089779338,
    -20.934912365305998
  ],
  "(0, 0, 2, 2, 0, 0, 1)": [
    -11.895658689898323,
    -12.495398393402073
  ],
  "(2, 2, 0, 0, 1, 0, -1)": [
    -19.91134762377709,
    -22.56760089010695
  ],
  "(2, 2, 0, 0, 0, 0, -1)": [
    -19.08746824396529,
    -2.2960534537610857
  ],
  "(0, 0, 1, 0, 0, 0, 0)": [
    -11.925662804423734,
    0.0
  ],
  "(0, 1, 0, 0, 0, 1, 0)": [
    -13.704257299752424,
    0.0
  ],
  "(0, 2, 1, 0, 0, 0, 0)": [
    -0.33999999999999997,
    0.0
  ],
  "(0, 1, 1, 0, 0, 0, 0)": [
    -13.809065619168425,
    0.0
  ],
  "(1, 0, 0, 1, 0, 0, 0)": [
    -3.436822143784717,
    -15.717684669577052
  ],
  "(0, 1, 0, 0, 1, 0, 0)": [
    -18.459258089177418,
    0.0
  ]
}