{
  "(0, 0, 0, 0, 0, 0, 0)": [
    -93.77033149708835,
    -94.90216914555793
  ],
  "(0, 0, 0, 0, 1, 0, 0)": [
    -93.24396613018115,
    -94.41772291771896
  ],
  "(0, 0, 0, 0, 0, 0, 1)": [
    -93.70817755923977,
    -93.17035654999145
  ],
  "(0, 1, 0, 0, 1, 0, -1)": [
    -94.39690855927242,
    -94.19259848891929
  ],
  "(0, 1, 0, 0, 1, 1, -1)": [
    -94.19977107676443,
    -93.22567121357959
  ],
  "(0, 0, 0, 0, 1, 0, -1)": [
    -94.06536437383421,
    -92.61373748996951
  ],
  "(0, 0, 0, 0, 1, 1, 0)": [
    -93.60062420237523,
    -94.66772046420644
  ],
  "(0, 0, 0, 0, 1, 1, -1)": [
    -94.44524770008542,
    -92.07485884019965
  ],
  "(0, 0, 0, 0, 0, 1, 0)": [
    -94.89922181310241,
    -93.4554663615785
  ],
  "(0, 0, 1, 0, 0, 1, 1)": [
    -94.70293397893445,
    -93.53078044995729
  ],
  "(0, 0, 0, 0, 0, 1, 1)": [
    -93.75114860725418,
    -92.56217876045801
  ],
  "(0, 0, 1, 0, 0, 0, 1)": [
    -94.57753762441747,
    -94.17344822687463
  ],
  "(0, 0, 1, 1, 0, 1, 1)": [
    -90.88784246472277,
    -91.4366050597698
  ],
  "(0, 0, 0, 1, 0, 1, 1)": [
    -93.98890562896256,
    -93.18214991755877
  ],
  "(0, 0, 0, 1, 0, 0, 1)": [
    -94.5428385971749,
    -93.89551404151717
  ],
  "(0, 1, 0, 0, 0, 0, -1)": [
    -90.81126762253994,
    -90.89579120039109
  ],
  "(0, 0, 0, 1, 1, 0, 1)": [
    -90.539183328136,
    -90.94791170083214
  ],
  "(0, 0, 1, 0, 0, 2, 1)": [
    -93.48764224025643,
    -93.58550982819183
  ],
  "(0, 0, 0, 0, 0, 2, 0)": [
    -93.99690270108036,
    -93.57988534226737
  ],
  "(0, 0, 0, 0, 0, 2, 1)": [
    -93.28012960990475,
    -92.50447856487878
  ],
  "(0, 0, 0, 0, 1, 0, 1)": [
    -90.49834620023448,
    -90.97985212597789
  ],
  "(0, 0, 1, 0, 1, 0, 1)": [
    -91.54855963967007,
    -92.37211784301763
  ],
  "(1, 1, 0, 0, 1, 1, -1)": [
    -90.46169038984497,
    -90.09239009383882
  ],
  "(0, 0, 0, 0, 0, 0, -1)": [
    -89.45020546795278,
    -90.04254872425165
  ],
  "(0, 0, 1, 1, 0, 2, 1)": [
    -83.70845126105098,
    -84.64345261334644
  ],
  "(0, 0, 2, 0, 0, 0, 1)": [
    -59.45645872432943,
    -63.73244289145871
  ],
  "(1, 0, 0, 0, 1, 0, -1)": [
    -94.58777723811647,
    -93.24707112859718
  ],
  "(1, 0, 0, 0, 0, 0, -1)": [
    -90.13181088316011,
    -91.11161432745946
  ],
  "(0, 0, 0, 1, 0, 2, 1)": [
    -94.11993331172428,
    -93.08702570260837
  ],
  "(0, 0, 1, 1, 0, 0, 1)": [
    -81.78484264888644,
    -80.51510311430098
  ],
  "(1, 0, 0, 0, 1, 1, -1)": [
    -94.32269524321741,
    -93.95795273555413
  ],
  "(0, 0, 0, 0, 1, 2, 0)": [
    -93.77264980602952,
    -93.65120393228136
  ],
  "(0, 0, 0, 0, 1, 2, -1)": [
    -93.01637879272633,
    -92.66175775384416
  ],
  "(0, 1, 0, 0, 1, 2, -1)": [
    -94.44054364902681,
    -93.57504525702589
  ],
  "(1, 1, 0, 0, 1, 0, -1)": [
    -83.96182865108928,
    -83.37786737520695
  ],
  "(1, 1, 0, 0, 0, 0, -1)": [
    -74.53520049238873,
    -74.26721902454179
  ],
  "(1, 0, 0, 0, 0, 0, 0)": [
    -89.4598297502848,
    -89.20009849152054
  ],
  "(0, 2, 0, 0, 1, 2, -1)": [
    -72.98727218274558,
    -70.03432055011781
  ],
  "(0, 2, 0, 0, 1, 0, -1)": [
    -58.991708835835745,
    -63.62536814569678
  ],
  "(0, 2, 0, 0, 0, 0, -1)": [
    -59.654205687461534,
    -56.45753123173534
  ],
  "(1, 0, 0, 0, 1, 2, -1)": [
    -94.22951065250462,
    -93.20639869720367
  ],
  "(1, 1, 0, 0, 1, 2, -1)": [
    -87.4295083547457,
    -88.27039671075838
  ],
  "(0, 0, 0, 2, 0, 1, 1)": [
    -70.58608793427581,
    -71.04036140282432
  ],
  "(0, 0, 0, 2, 0, 2, 1)": [
    -75.25180113693288,
    -76.90604447014564
  ],
  "(2, 1, 0, 0, 1, 1, -1)": [
    -60.973915511694486,
    -56.05509466053966
  ],
  "(0, 1, 0, 0, 0, 0, 0)": [
    -90.88839620831293,
    -91.48196717979688
  ],
  "(2, 1, 0, 0, 1, 2, -1)": [
    -78.7321369606706,
    -70.31018685184182
  ],
  "(0, 0, 1, 0, 1, 0, 0)": [
    -90.487387780966,
    -91.66717097255734
  ],
  "(0, 0, 2, 0, 0, 2, 1)": [
    -63.84018223084257,
    -64.51116302576341
  ],
  "(0, 0, 2, 1, 0, 1, 1)": [
    -63.74528685480693,
    -64.48369765862202
  ],
  "(0, 0, 1, 1, 1, 0, 1)": [
    -74.60815201236588,
    -72.73716823979952
  ],
  "(0, 0, 2, 0, 0, 1, 1)": [
    -54.24399987681703,
    -53.21701184039245
  ],
  "(0, 0, 2, 0, 1, 0, 1)": [
    -60.32808428812761,
    -60.46742580362875
  ],
  "(0, 0, 0, 1, 1, 0, 0)": [
    -90.89572339578793,
    -91.83235552576019
  ],
  "(0, 0, 2, 1, 0, 2, 1)": [
    -73.26339879029489,
    -75.41983954033812
  ],
  "(0, 0, 2, 1, 0, 0, 1)": [
    -63.82534047161176,
    -63.26604403083006
  ],
  "(0, 0, 0, 2, 0, 0, 1)": [
    -71.41146555910998,
    -71.44866218196272
  ],
  "(0, 0, 1, 2, 0, 2, 1)": [
    -79.24214458841111,
    -77.38563280112835
  ],
  "(0, 0, 1, 2, 0, 0, 1)": [
    -65.47560917743313,
    -66.27111961300785
  ],
  "(0, 0, 0, 2, 1, 0, 1)": [
    -72.08896908910113,
    -70.3117838898597
  ],
  "(2, 0, 0, 0, 1, 1, -1)": [
    -57.68332084711613,
    -61.508339927920034
  ],
  "(2, 0, 0, 0, 1, 2, -1)": [
    -70.85584885106029,
    -72.84777739822272
  ],
  "(2, 0, 0, 0, 0, 0, -1)": [
    -54.09621695223645,
    -49.10963232644747
  ],
  "(2, 0, 0, 0, 1, 0, -1)": [
    -53.12578047768551,
    -58.635960679070365
  ],
  "(1, 2, 0, 0, 1, 2, -1)": [
    -71.97188749641859,
    -74.21295997524068
  ],
  "(1, 2, 0, 0, 0, 0, -1)": [
    -62.99374684357256,
    -61.67094802776002
  ],
  "(2, 1, 0, 0, 1, 0, -1)": [
    -61.35113328403789,
    -54.84706153818487
  ],
  "(1, 2, 0, 0, 1, 1, -1)": [
    -59.13661039886457,
    -61.73583749272223
  ],
  "(2, 1, 0, 0, 0, 0, -1)": [
    -50.160281581168455,
    -52.54296030376764
  ],
  "(0, 2, 0, 0, 1, 1, -1)": [
    -56.17682593706926,
    -59.80650030865353
  ],
  "(2, 2, 0, 0, 1, 2, -1)": [
    -52.047920303392246,
    -49.96383954577942
  ],
  "(0, 0, 1, 2, 1, 0, 1)": [
    -59.81088568251773,
    -58.87181902420651
  ],
  "(0, 0, 2, 1, 1, 0, 1)": [
    -51.77864650216854,
    -54.95394595307596
  ],
  "(0, 0, 1, 2, 0, 1, 1)": [
    -62.81076599048663,
    -64.80816615765933
  ],
  "(0, 0, 2, 2, 0, 1, 1)": [
    -51.190869797448265,
    -50.53341471004778
  ],
  "(2, 2, 0, 0, 1, 1, -1)": [
    -57.94997244486511,
    -59.85921730219991
  ],
  "(1, 2, 0, 0, 1, 0, -1)": [
    -68.01636877377157,
    -73.05427001132419
  ],
  "(2, 2, 0, 0, 1, 0, -1)": [
    -44.62131491618706,
    -48.779831046724276
  ],
  "(0, 0, 2, 2, 0, 2, 1)": [
    -51.16733110317455,
    -52.101949611739464
  ],
  "(0, 0, 2, 2, 0, 0, 1)": [
    -46.99807374389037,
    -46.55662960401744
  ],
  "(2, 2, 0, 0, 0, 0, -1)": [
    -17.945597159858064,
    -13.693365966871944
  ],
  "(1, 0, 0, 0, 0, 1, 0)": [
    0.0,
    -7.2056769586367295
  ],
  "(0, 1, 0, 0, 1, 0, 0)": [
    -31.60563257371504,
    -26.235755823186494
  ],
  "(0, 1, 0, 1, 1, 0, 0)": [
    -1.7286446001366245,
    -4.464213047944497
  ],
  "(0, 0, 2, 2, 1, 0, 1)": [
    -27.28435440284727,
    -26.326078769757636
  ],
  "(1, 0, 0, 0, 1, 0, 0)": [
    -22.59367291882973,
    -29.22031334793655
  ],
  "(0, 0, 2, 0, 1, 0, 0)": [
    -0.33999999999999997,
    0.0
  ],
  "(0, 1, 1, 0, 1, 0, 0)": [
    -28.03902750072571,
    -19.06061688517722
  ],
  "(0, 0, 1, 0, 0, 0, 0)": [
    -26.42853040062146,
    -16.303583694992813
  ],
  "(0, 0, 0, 1, 0, 0, 0)": [
    -36.58221363875183,
    -27.365618180620295
  ],
  "(0, 1, 0, 0, 0, 1, 0)": [
    -12.700738866286294,
    0.0
  ],
  "(0, 1, 0, 1, 1, 1, 0)": [
    -14.11251652252711,
    0.0
  ],
  "(0, 1, 1, 0, 1, 0, 1)": [
    -0.27999999999999997,
    0.0
  ]
}